LAB_ORIGID,LAB_PREFIX,LAB_FACLTY,CNTRY,LAB_ACTIVE,LAB_MTD,LAB_URL,LAB_SOURCE
-9999,Lab_indet.,ND,ND,FALSE,NA,,NA
1,A,Univ. of Arizona,USA,,C14,,Radiocarbon
2,AA,NSF-Ariz. AMS Facility,USA,,C14,,Radiocarbon
3,AAR,Univ. of Aarhus,DNK,,C14,,Radiocarbon
4,AC,Ingeis,ARG,,C14,,Radiocarbon
5,AECV,Alberta Environmental Center of Vegreville,CAN,FALSE,C14,,Radiocarbon
6,AERIK,Atomic Energy Res. Inst.,KOR,FALSE,C14,,Radiocarbon
7,ALG,Algiers,DZA,FALSE,C14,,Radiocarbon
8,ANAS,Applied Nuclear-Atomic Science (ANAS) Lab.,KOR,FALSE,C14,,Radiocarbon
9,ANL,Argonne Nat. Lab.,USA,FALSE,C14,,Radiocarbon
10,ANSTO,Australian Nuclear Science & Technology,AUS,,C14,,Radiocarbon
11,ANTW,Antwerp,BEL,FALSE,C14,,Radiocarbon
12,ANU,"Australian National Univ., 1965--2003, gas proportional counting",AUS,FALSE,C14,,HM: Internet
13,ANUA,"ANU Accelerator, 2002-2012, 14 UD Pelletron accelerator",AUS,,C14,,HM: Internet
14,AU,Univ. of Alaska,USA,FALSE,C14,,Radiocarbon
15,AURIS,Ahmedabad,IND,,C14,,Radiocarbon
16,B,Bern,CHE,,C14,,Radiocarbon
17,Ba,Bratislava,SVK,,C14,,Radiocarbon
18,BC,Brooklyn College,USA,FALSE,C14,,Radiocarbon
19,BE,Univ. of Bern,CHE,,C14,,Radiocarbon
20,Beta,Beta Analytic,USA,,C14,,Radiocarbon
21,BGS,Brock Univ.,CAN,FALSE,C14,,Radiocarbon
22,BIOCAMS,Miami,USA,FALSE,C14,,Radiocarbon
23,Birm,Birmingham,GBR,FALSE,C14,,Radiocarbon
24,Bln,Berlin,DEU,FALSE,C14,,Radiocarbon
25,BM,British Museum,GBR,FALSE,C14,,Radiocarbon
26,BONN,Univ. Bonn,DEU,FALSE,C14,,Radiocarbon
27,BRAMS,Univ. of Bristol,GBR,,C14,,Radiocarbon
28,BS,Birbal Sahni Inst.,IND,,C14,,Radiocarbon
29,C,Chicago,USA,FALSE,C14,,Radiocarbon
30,CAMS,Center for AMS,USA,,C14,,Radiocarbon
31,CAR,"Univ. College, Cardiff",GBR,FALSE,C14,,Radiocarbon
32,CENA,Centro Energia Nuclear na Agricultura,BRA,,C14,,Radiocarbon
33,CG,Inst. of Geology,CHN,,C14,,Radiocarbon
34,CH,Chemistry Lab.,IND,FALSE,C14,,Radiocarbon
35,CN-XX,Chinese Academy of Sciences,CHN,,C14,,Radiocarbon
36,CNA,Centro Nacional de Aceleradores,ESP,,C14,,Radiocarbon
37,COL,Koln AMS,DEU,,C14,,Radiocarbon
38,CRCA,Cairo,EGY,FALSE,C14,,Radiocarbon
39,CRL,Czech 14C Lab.,CZE,,C14,,Radiocarbon
40,CSIC,"Geochronology Lab., IQFR-CSIC, Madrid",ESP,,C14,,Radiocarbon
41,CSM,"Cosmochem. Lab., USSR Acad. of Sci.",SUN,FALSE,C14,,Radiocarbon
42,CT,"Caltech, Calif. Inst. Tech.",USA,FALSE,C14,,Radiocarbon
43,CU,Charles Univ.,CZE,,C14,,Radiocarbon
44,D,"Dublin, Trinity College",IRL,FALSE,C14,,Radiocarbon
45,Dak,Univ. of Dakar,SEN,FALSE,C14,,Radiocarbon
46,DAL,Dalhousie Univ.,CAN,FALSE,C14,,Radiocarbon
47,DE,"USGS, Denver",USA,FALSE,C14,,Radiocarbon
48,Deb,Debrecen,HUN,,C14,,Radiocarbon
49,DebA,Debrecen (AMS),HUN,,C14,,Radiocarbon
50,DEM,NCSR Demokritos,GRC,,C14,,Radiocarbon
51,DGC,Dalhousie Geochronology Centre,CAN,,C14,,Radiocarbon
52,DIC,Dicar Corp and Dicarb,USA,FALSE,C14,,Radiocarbon
53,DK,Univ. de Dakar,SEN,,C14,,Radiocarbon
54,DRI,Desert Research Inst.,USA,FALSE,C14,,Radiocarbon
55,DSA,"CIRCE, Caserta",ITA,,C14,,Radiocarbon
56,D-AMS,Direct AMS,USA,,C14,,Radiocarbon
57,ENEA,"ENEA, Bologna",ITA,,C14,,Radiocarbon
58,Erl,Erlangen AMS Facility,DEU,FALSE,C14,,Radiocarbon
59,ETH,ETH/AMS Facility,CHE,,C14,,Radiocarbon
60,F,Florence,ITA,FALSE,C14,,Radiocarbon
61,Fi,Florence INFN,ITA,,C14,,Radiocarbon
62,Fr,Freiberg,DEU,FALSE,C14,,Radiocarbon
63,Fra,Frankfurt,DEU,FALSE,C14,,Radiocarbon
64,FSU,Florida State Univ.,USA,FALSE,C14,,Radiocarbon
65,FTMC,Vilnius AMS Lab,LTU,,C14,,Radiocarbon
66,FZ,Fortaleza,BRA,,C14,,Radiocarbon
67,G,Gothenburg,SWE,FALSE,C14,,Radiocarbon
68,GaK,Gakushuin Univ.,JPN,FALSE,C14,,Radiocarbon
69,Gd,Gliwice,POL,,C14,,Radiocarbon
70,GD,Gdansk,POL,FALSE,C14,,Radiocarbon
71,Gif,Gif-sur-Yvette,FRA,,C14,,Radiocarbon
72,Gif A,Gif-sur-Yvette and Orsay,FRA,,C14,,Radiocarbon
73,GIN,Geological Inst.,RUS,,C14,,Radiocarbon
74,GL,Geochronological Lab.,GBR,FALSE,C14,,Radiocarbon
75,GrA,Groningen AMS,NLD,FALSE,C14,,Radiocarbon
76,GrM,Groningen AMS,NLD,,C14,,Radiocarbon
77,GrN,Groningen,NLD,FALSE,C14,,Radiocarbon
78,GrO,Groningen,NLD,FALSE,C14,,Radiocarbon
79,GSC,Geological Survey,CAN,,C14,,Radiocarbon
80,GU,Scottish Universities Research & Reactor Centre,GBR,FALSE,C14,,Radiocarbon
81,GV,"AMS Golden Valley, Novosibirsk",RUS,,C14,,Radiocarbon
82,GX,Geochron Laboratories,USA,,C14,,Radiocarbon
83,GXNUAMS,Guangxi Normal Univ. AMS Lab,CHN,,C14,,Radiocarbon
84,H,Heidelberg,DEU,FALSE,C14,,Radiocarbon
85,HAM,Hamburg,DEU,FALSE,C14,,Radiocarbon
86,HAR,Harwell,GBR,FALSE,C14,,Radiocarbon
87,Hd,Heidelberg,DEU,,C14,,Radiocarbon
88,Hel,Helsinki,FIN,,C14,,Radiocarbon
89,Hela,Helsinki AMS,FIN,,C14,,Radiocarbon
90,HIG,Hawaii Inst. of Geophys.,USA,FALSE,C14,,Radiocarbon
91,HL,Second Inst. of Oceanography,CHN,,C14,,Radiocarbon
92,HNS,"Hasleton-Nuclear, Palo Alto",USA,FALSE,C14,,Radiocarbon
93,Hv,Hannover,DEU,FALSE,C14,,Radiocarbon
94,I,Teledyne Isotopes,USA,FALSE,C14,,Radiocarbon
95,IAA,Inst. of Accelerator Analysis (beta counting),JPN,,C14,,Radiocarbon
96,IAAA,Inst. of Accelerator Analysis (AMS),JPN,,C14,,Radiocarbon
97,IAEA,International Atomic Energy Agency,AUT,FALSE,C14,,Radiocarbon
98,IAEA-MEL,Marine Environmental Lab.,MCO,,C14,,Radiocarbon
99,ICA,International Chemical Analysis,USA,,C14,,Radiocarbon
100,ICEN,Inst.o Tecnologico e Nuclear,PRT,FALSE,C14,,Radiocarbon
101,IEMAE,Inst. of Evolutionary Morphology & Animal Ecology,RUS,,C14,,Radiocarbon
102,IF AO,Inst. frangais d'archeologie orientale,EGY,,C14,,Radiocarbon
103,LAR,Liege State Univ.,BEL,FALSE,C14,,Radiocarbon
104,IGAN,Inst. of Geography,RUS,,C14,,Radiocarbon
105,IGS,Inst. of Geological Sci.,BLR,FALSE,C14,,Radiocarbon
106,IGSB,Inst. of Geological Sci.,BLR,,C14,,Radiocarbon
107,IHME,Marzeev Inst. of Hygiene Med. Ecol.,UKR,,C14,,Radiocarbon
108,II,"Isotopes, Inc., Palo Alto",USA,FALSE,C14,,Radiocarbon
109,IMTA,Inst. Mexicano de Tecnologia del Agua,MEX,,C14,,Radiocarbon
110,IOAN,Inst. of Oceanography,RUS,FALSE,C14,,Radiocarbon
111,IORAN,Inst. of Oceanology,RUS,FALSE,C14,,Radiocarbon
112,IRPA,Royal Inst. for Cultural Heritage,BEL,FALSE,C14,,Radiocarbon
113,ISGS,Illinois State Geological Survey,USA,,C14,,Radiocarbon
114,IUACD,Inter Univ. Accelerator Centre,IND,,C14,,Radiocarbon
115,IVAN,Inst. of Volcanology,UKR,FALSE,C14,,Radiocarbon
116,IVIC,Caracas,VEN,FALSE,C14,,Radiocarbon
117,IWP,Inst. of Water Problems,RUS,FALSE,C14,,Radiocarbon
118,JAT,Tono Geoscience Center (JAEA),JPN,,C14,,Radiocarbon
119,K,Copenhagen,DNK,FALSE,C14,,Radiocarbon
120,KATRI,Korea Apparel Testing,KOR,,C14,,Radiocarbon
121,KEEA,Kyushu Environ. Eval. Assoc. Property Research Inst.,JPN,,C14,,Radiocarbon
122,KGM,Korea Inst. of Geoscience & Mineral Resources (KIGAM),KOR,,C14,,Radiocarbon
123,Kl,Kiel,DEU,FALSE,C14,,Radiocarbon
124,KIA,Kiel AMS,DEU,,C14,,Radiocarbon
125,Ki (KIEV),Inst. of Radio-Geochemistry of the Environment,UKR,,C14,,Radiocarbon
126,KIK,Royal Inst. for Cultural Heritage,BEL,FALSE,C14,,Radiocarbon
127,KN,Koln,DEU,FALSE,C14,,Radiocarbon
128,KR,Krakow,POL,,C14,,Radiocarbon
129,KRIL,Krasnoyarsk Inst.,RUS,FALSE,C14,,Radiocarbon
130,KSU,Kyoto Sangyo Univ.,JPN,FALSE,C14,,Radiocarbon
131,L,Lamont-Doherty,USA,FALSE,C14,,Radiocarbon
132,LACUFF,Fluminense Federal Univ.,BRA,,C14,,Radiocarbon
133,LAEC,Lebanese Atomic Energy Commission (LAEC),LBN,,C14,,Radiocarbon
134,LE,St. Petersburg,RUS,,C14,,Radiocarbon
135,LEMA,Lab. de Espectrometria de Masas con Aceleradores,MEX,,C14,,Radiocarbon
136,LIH,NCSR Demokritos,GRC,,C14,,Radiocarbon
137,u,Scripps (UCSD) La Jolla,USA,FALSE,C14,,Radiocarbon
138,LTL,Univ. of Lecce,ITA,,C14,,Radiocarbon
139,Lu,Lund,SWE,FALSE,C14,,Radiocarbon
140,LuA,Lund,SWE,FALSE,C14,,Radiocarbon
141,LuS,Lund,SWE,,C14,,Radiocarbon
142,LU,St. Petersburg State Univ.,RUS,,C14,,Radiocarbon
143,Lv,Louvain-la-Neuve,BEL,FALSE,C14,,Radiocarbon
144,Ly,Univ. of Lyon,FRA,,C14,,Radiocarbon
145,LZU,Lanzhou Univ.,CHN,,C14,,Radiocarbon
146,M,Univ. of Michigan,USA,FALSE,C14,,Radiocarbon
147,Ma,Univ. of Winnepeg,CAN,FALSE,C14,,Radiocarbon
148,MAG,Quaternary Geology,RUS,,C14,,Radiocarbon
149,MAMS,Curt-Engelhorn-Zentrum Archaeom.,DEU,,C14,,Radiocarbon
150,MC,Centre Scientifique,MCO,FALSE,C14,,Radiocarbon
151,METU,Middle East Technical Univ.,TUR,FALSE,C14,,Radiocarbon
152,MKL,Lab. of Absolute Dating,POL,,C14,,Radiocarbon
153,MTC,Univ. of Tokyo,JPN,,C14,,Radiocarbon
154,N,Nishina Memorial,JPN,FALSE,C14,,Radiocarbon
155,NIST,National Inst. of Standards and Technology,USA,,C14,,Radiocarbon
156,NPL,"National Physical Lab., Middlesex",GBR,FALSE,C14,,Radiocarbon
157,NS,Nova Scotia Research Foundation,CAN,FALSE,C14,,Radiocarbon
158,NSRL,INSTAAR - Univ. of Colorado,USA,,C14,,Radiocarbon
159,NSTF,"Nuclear Science & Technology Facility, State Univ. of New York",USA,FALSE,C14,,Radiocarbon
160,NSW,Univ. of New South Wales,AUS,FALSE,C14,,Radiocarbon
161,NTU,National Taiwan Univ. Republic of China,CHN,,C14,,Radiocarbon
162,NU,Nihon Univ.,JPN,FALSE,C14,,Radiocarbon
163,NUTA,Tandetron AMS Lab,JPN,,C14,,Radiocarbon
164,Ny,"Nancy, Centre de Recherches Radiogeologiques",FRA,FALSE,C14,,Radiocarbon
165,NZ,Rafter Radiocarbon Lab,NZL,FALSE,C14,,Radiocarbon
166,NZA,Rafter (AMS),NZL,,C14,,Radiocarbon
167,O,Humble Oil & Refining,USA,FALSE,C14,,Radiocarbon
168,OBDY,ORSTOM Bondy,FRA,FALSE,C14,,Radiocarbon
169,OR,Research Center of Radioisotopes,JPN,,C14,,Radiocarbon
170,ORINS,Oak Ridge Inst. of Nuclear Studies,USA,FALSE,C14,,Radiocarbon
171,OS,"National Ocean Sciences, AMS Facility Woods Hole Oceanographic Inst.",USA,,C14,,Radiocarbon
172,OWU,Ohio Wesleyan Univ.,USA,FALSE,C14,,Radiocarbon
173,OX,"USDA (Oxford, Miss.)",USA,FALSE,C14,,Radiocarbon
174,OxA,Oxford Radiocarbon Accelerator Unit,GBR,,C14,,Radiocarbon
175,OZ,ANSTO-ANTARES,AUS,,C14,,Radiocarbon
176,LZ,Umweltforschungszentrum Leipzig-Halle UFZ,DEU,,C14,,Radiocarbon
177,Beta-,Beta Analytics,USA,,C14,,HM: Internet
178,P,Max-Planck-lnstitut Geochron. Lab,DEU,,"C14, Lead-210",,"Radiocarbon, modified"
179,p,Univ. of Pennsylvania,USA,FALSE,C14,,Radiocarbon
180,PAL,Palynosurvery Co.,JPN,,C14,,Radiocarbon
181,Pi,Pisa,ITA,FALSE,C14,,Radiocarbon
182,PI,Permafrost Inst.,RUS,FALSE,C14,,Radiocarbon
183,PIC,Packard,USA,FALSE,C14,,Radiocarbon
184,PITT,Univ. of Pittsburgh,USA,FALSE,C14,,Radiocarbon
185,Poz,Poznan,POL,,C14,,Radiocarbon
186,Pr,Prague,CZE,FALSE,C14,,Radiocarbon
187,PKU,Peking Univ.,CHN,,C14,,Radiocarbon
188,PKUAMS,Peking Univ. AMS lab,CHN,,C14,,Radiocarbon
189,PL,Purdue Rare Isotope Measurement Lab,USA,,C14,,Radiocarbon
190,PLD,"Paleo Labo. Co., Ltd.",JPN,,C14,,Radiocarbon
191,PRI,PaleoResearch Inst.,USA,,C14,,Radiocarbon
192,PRL,Radiocarbon Dating Research Unit,IND,,C14,,Radiocarbon
193,PRLCH,Physical Research Lab.,IND,FALSE,C14,,Radiocarbon
194,PSU,Penn State Univ.,USA,FALSE,C14,,Radiocarbon
195,PSUAMS,Penn State Univ.,USA,,C14,,Radiocarbon
196,Pta,Pretoria,ZAF,,C14,,Radiocarbon
197,Q,Cambridge,GBR,FALSE,C14,,Radiocarbon
198,QL,Quaternary Isotope Lab.,USA,FALSE,C14,,Radiocarbon
199,QC,Queens College,USA,FALSE,C14,,Radiocarbon
200,QU,"Centre de Recherches Canada Minerales, Quebec",CAN,FALSE,C14,,Radiocarbon
201,R,Rome,ITA,,C14,,Radiocarbon
202,RCD,Radiocarbon Dating,GBR,FALSE,C14,,Radiocarbon
203,RCMib,Milano Bicocca Univ.,ITA,,C14,,Radiocarbon
204,Rl,"Radiochemistry, Inc.",USA,FALSE,C14,,Radiocarbon
205,RICH,Royal Inst. for Cultural Heritage,BEL,,C14,,Radiocarbon
206,RIDDL,Simon Fraser Univ.,CAN,FALSE,C14,,Radiocarbon
207,Riga,Inst. of Science,LVA,FALSE,C14,,Radiocarbon
208,RL,"Radiocarbon, Ltd.",USA,FALSE,C14,,Radiocarbon
209,roams,National Inst. for Physics and Nuclear Engineering,ROU,,C14,,Radiocarbon
210,Rome,"Dept, of Earth Sciences, Rome",ITA,,C14,,Radiocarbon
211,RT,Rehovot,ISR,,C14,,Radiocarbon
212,RTK,Rehovot,ISR,,C14,,Radiocarbon
213,RU,Rice Univ.,USA,FALSE,C14,,Radiocarbon
214,S,Saskatchewan,CAN,FALSE,C14,,Radiocarbon
215,Sa,"Saclay, Gif-sur-Yvette",FRA,FALSE,C14,,Radiocarbon
216,Sac,Inst.o Tecnologico Portugal e Nuclear,PRT,,C14,,Radiocarbon
217,Sac A,Gif sur Yvette (Saclay),FRA,,C14,,Radiocarbon
218,SANU,ANU Canberra,AUS,,C14,,Radiocarbon
219,SPb,Herzen State Univ.,RUS,,C14,,Radiocarbon
220,SFU,Simon Fraser Univ.,CAN,FALSE,C14,,Radiocarbon
221,Sh,Shell Development Co.,USA,FALSE,C14,,Radiocarbon
222,SI,Smithsonian Inst.ion,USA,FALSE,C14,,Radiocarbon
223,SL,Sharp Laboratories,USA,FALSE,C14,,Radiocarbon
224,SM,"Mobil Oil Corp., Dallas",USA,FALSE,C14,,Radiocarbon
225,SMU,Southern Methodist Univ.,USA,FALSE,C14,,Radiocarbon
226,SNU,Seoul National Univ.,KOR,FALSE,C14,,Radiocarbon
227,T,Trondheim,NOR,,C14,,Radiocarbon
228,TB,Tbilisi,GEO,,C14,,Radiocarbon
229,TBNC,Kaman Instruments,USA,FALSE,C14,,Radiocarbon
230,TEM,Temple Univ.,USA,FALSE,C14,,Radiocarbon
231,TF,Tata Inst. of Fundamental Research,IND,FALSE,C14,,Radiocarbon
232,TK,Univ. of Tokyo,JPN,,C14,,Radiocarbon
233,TKA,"Univ. Museum, Univ. of Tokyo",JPN,,C14,,Radiocarbon
234,TKa,Univ. of Tokyo-AMS,JPN,,C14,,Radiocarbon
235,TKU,Turku,FIN,,C14,,Radiocarbon
236,Tin,Tallinn,EST,,C14,,Radiocarbon
237,TO,IsoTrace Lab.,CAN,,C14,,Radiocarbon
238,TUBITAK,TUBiTAK National AMS Lab.,TUR,,C14,,Radiocarbon
239,TRa,Trondheim (AMS),NOR,,C14,,Radiocarbon
240,TUa,Trondheim (AMS),NOR,,C14,,Radiocarbon
241,TUNC,Tehran Univ. Nuclear Centre,IRN,FALSE,C14,,Radiocarbon
242,Tx,Texas,USA,FALSE,C14,,Radiocarbon
243,u,Uppsala Univ.,SWE,FALSE,C14,,Radiocarbon
244,Ua,Uppsala AMS,SWE,,C14,,Radiocarbon
245,UB,Belfast,GBR,FALSE,C14,,Radiocarbon
246,UBA,Belfast,GBR,,C14,,Radiocarbon
247,UBAR,Univ. of Barcelona,ESP,,C14,,Radiocarbon
248,UCD,"Univ. College, Dublin",IRL,,C14,,Radiocarbon
249,UCI,"Univ. of California, Irvine",USA,,C14,,Radiocarbon
250,UCLA,"Univ. of California, Los Angeles",USA,FALSE,C14,,Radiocarbon
251,UCR,"Univ. of California, Riverside",USA,FALSE,C14,,Radiocarbon
252,UD,Udine,ITA,FALSE,C14,,Radiocarbon
253,UGa,Univ. of Georgia,USA,,C14,,Radiocarbon
254,UGRA,Univ. of Granada,ESP,,C14,,Radiocarbon
255,UL,Univ. of Laval,CAN,FALSE,C14,,Radiocarbon
256,ULA,Univ. of Laval,CAN,,C14,,Radiocarbon
257,UM,Univ. of Miami,USA,FALSE,C14,,Radiocarbon
258,UNAM,National Autonomous Univ. of Mexico,MEX,,C14,,Radiocarbon
259,UOC,Univ. of Ottawa,CAN,,C14,,Radiocarbon
260,UQ,Univ. of Quebec at Montreal,CAN,FALSE,C14,,Radiocarbon
261,URCRM,Ukrainian Research Ctr. for Radiation Medicine,UKR,FALSE,C14,,Radiocarbon
262,URU,Univ. of Uruguay,URY,,C14,,Radiocarbon
263,USGS,"USGS, Menlo Park",USA,FALSE,C14,,Radiocarbon
264,UtC,Utrecht van de Graaff,NLD,,,https://web.science.uu.nl/ams/,HM: Internet
265,UTCAG,Univ. of Tennessee,USA,,C14,,Radiocarbon
266,UW,Univ. of Washington,USA,FALSE,C14,,Radiocarbon
267,UZH,Univ. of Zurich,CHE,,C14,,Radiocarbon
268,V,"Melbourne, Victoria",AUS,FALSE,C14,,Radiocarbon
269,Vs,"Vilnius, Nat. Res. Ctr.",LTU,,C14,,Radiocarbon
270,VERA,Inst. fur Radiumforschung und Kernphysik,AUT,,C14,,Radiocarbon
271,VRI,Universitat Wien,AUT,FALSE,C14,,Radiocarbon
272,W,"USGS, National Center",USA,FALSE,C14,,Radiocarbon
273,WAT,Univ. of Waterloo,CAN,FALSE,C14,,Radiocarbon
274,WIS,Univ. of Wisconsin,USA,FALSE,C14,,Radiocarbon
275,Wk,Univ. of Waikato,NZL,,C14,,Radiocarbon
276,WRD,"USGS Washington, D.C.",USA,FALSE,C14,,Radiocarbon
277,WSU,Washington State Univ.,USA,FALSE,C14,,Radiocarbon
278,XLLQ,Xi'an Lab. of China Loess & Quat. Geol.,CHN,,C14,,Radiocarbon
279,X,Whitworth College,USA,FALSE,C14,,Radiocarbon
280,Y,Yale Univ.,USA,FALSE,C14,,Radiocarbon
281,Ya,Yale Univ.,USA,FALSE,C14,,Radiocarbon
282,YU,Yamagata Univ.,JPN,,C14,,Radiocarbon
283,Z,Zagreb,HRV,,C14,,Radiocarbon
284,SUA,Sydney Univ.,AUS,,C14,,Radiocarbon
285,J,"Max Planck Inst. for Biogeochemistry, Jena",DEU,,C14,,Radiocarbon
286,BSG,Brock Univ.,CAN,,C14,,RadonKiel
287,COAH,Inst. of Geology Geophysics and Mineralogy Novosibirsk Russia,RUS,,C14,,RadonKiel
288,CRC,Centre de Datation par le RadioCarbone,FRA,,C14,,RadonKiel
289,CRG,Centre de Recherches Geodynamiques Université Pierre et Marie Curie,FRA,,C14,,RadonKiel
290,GSY,Radiocarbon Lab. Centre National de la Recherche Scientifique Gif-sur-Yvette (Essonne),FRA,,C14,,RadonKiel
291,HUR,Hacettepe Univ.,TUR,,C14,,RadonKiel
292,JGS,Geological Survey of Japan,JPN,,C14,,RadonKiel
293,JUBR,Biren Roy Research Lab.,IND,,C14,,RadonKiel
294,Ka,Kopenhagen AMS,DNK,,C14,,RadonKiel
295,KAERI,Korean Atomic Energy Research Inst.,KOR,,C14,,RadonKiel
296,KCP,National Cultural Property Research Inst.,KOR,,C14,,RadonKiel
297,LGQ,Laboratoire de Geologie du Quatemaire Luminy,FRA,,C14,,RadonKiel
298,LJ,Scripps (UCSD) La Jolla,USA,,C14,,RadonKiel
299,LOD,Lodz,POL,,C14,,RadonKiel
300,LP,"LATYR, La Plata",ARG,,C14,,RadonKiel
301,LT,ND,LTU,,C14,,RadonKiel
302,ML,Miami,USA,,C14,,RadonKiel
303,Mo,Verdanski Inst. of Geochemistry Moscow,RUS,,C14,,RadonKiel
304,MOC,Archaeological Inst. Czechoslovak Acad. of Sci.,CSK,,C14,,RadonKiel
305,MP,Magnolia Petroleum,USA,,C14,,RadonKiel
306,MRRI,Marine Resources Research Inst.,USA,,C14,,RadonKiel
307,MSU,Moscow State Univ.,RUS,,C14,,RadonKiel
309,RI,Radiochemistry Inc.,ND,,C14,,RadonKiel
310,RUL,Radiocarbon Lab. of the Inst. of Archaeology of Leningrad,SUN,,C14,,RadonKiel
311,SOAN,Inst. of Geology and Geophysics,RUS,,C14,,RadonKiel
312,SR,Harare (Salisbury Rhodesia),ZWE,,C14,,RadonKiel
313,SRR,NERC Radiocarbon Lab.,GBR,,C14,,RadonKiel
314,St,Stockholm,SWE,,C14,,RadonKiel
315,Su,Finland,FIN,,C14,,RadonKiel
316,SUERC,Scottish Universities Environmental Research Centre,GBR,,C14,,RadonKiel
317,SWA,Swansea,GBR,,C14,,RadonKiel
318,Ta,Tartu,FIN,,C14,,RadonKiel
319,TAM,Texas A & M Univ.,USA,,C14,,RadonKiel
320,Tln,Tallinn,EST,,C14,,RadonKiel
321,UGAMS,Univ. of Georgia AMS,USA,,C14,,RadonKiel
322,WHAMS,National Ocean Sciences AMS Facility,USA,,C14,,RadonKiel
323,LLNL,Lawrence Livermore National Lab.,USA,,C14,,HM: Internet
324,ARL,Army Research Laboratory Aberdeen Proving Ground,USA,,C14,,pelletron.com
325,Ad,Prescott Environmental Lum. Lab. Adelaide,AUS,,OSL,,HM: Internet
326,UOW,UOW OSL Dating Lab. Wollongong,AUS,TRUE,OSL,,HM: Internet
327,MQU,Macquaire Univ. Lum. Dating Facility,AUS,,OSL,,HM: Internet
328,,Univ. Melbourne Lum. Dating Facility,AUS,,OSL,,HM: Internet
329,GU,"Griffith Univ. OSL Dating Laboratory, Australian Rivers Inst.",AUS,,OSL,,HM: Internet
330,WLL,Victoria Univ. of Wellington Lum. Dating Facility,NZL,,OSL,,HM: Internet
331,ANU,ANU Lum. Dating Laboratory Canberra,AUS,,OSL,,HM: Internet
332,C-L,Cologne Lum. Laboratory (CLL),DEU,,OSL,,HM: Internet
333,EVA,Max Planck Inst. for Evolutionary Anthropology Lum. Dating Lab. Leipzig,DEU,,OSL,,HM: Internet
334,L-EVA,Max Planck Inst. for Evolutionary Anthropology Lum. Dating Lab. Leipzig,DEU,,OSL,,HM: Internet
335,UW,University of Washington Lum.Dating Laboratory,USA,,OSL,,HM: Internet
336,W,"UOW TL Dating Lab. Wollongong, David Price",AUS,,TL,,HM: Internet
337,Ad,Prescott Environmental Lum. Lab. Adelaide,AUS,,TL,,HM: Internet
338,ALPHA,Alpha Analytic Inc.,USA,,TL,,HM: Internet
339,CABAH,UOW OSL Dating Lab. Wollongong,AUS,TRUE,OSL,,HM: Internet
340,Shfd,Sheffield Lum. Lab.,GBR,,OSL,,HM: Internet
341,CLW,"CSIRO Land and Water, Canberra",AUS,,OSL,,HM: Internet
342,X,Oxford Lum. Lab.,GBR,,OSL,,HM: Internet
343,Ox,Oxford Lum. Lab.,GBR,,OSL,,HM: Internet
345,GXO,Geochron Laboratories,USA,FALSE,C14,,pelletron.com
346,CSIRO,Commonwealth Scientific and Industrial Research Organisation,AUS,,C14,,pelletron.com
347,ANUOD,Australian National University,AUS,,OSL,,HM: Internet
348,GL,University of Gloucestershire,GBR,,OSL,,JQuatSci
349,UNSW,"Mark Wainwright Analytical Centre, UNSW Sydney",AUS,TRUE,C14,https://www.analytical.unsw.edu.au/facilities/sseau/radiocarbon-laboratory,HM: Internet
350,USU,Utah State University Lum. Lab,USA,TRUE,OSL,https://www.usu.edu/geo/osl/,HM: Internet
351,KCCAMS,"W. M. Keck Carbon Cycle Accelerator Mass Spectrometer Facility, UC Irvine",USA,TRUE,C14,https://sites.ps.uci.edu/kccams/,HM: Internet
352,S-ANU,"Australian National Univ., EC Single Stage AMS ",AUS,TRUE,C14,https://earthsciences.anu.edu.au/research/facilities/accelerator-mass-spectrometer,HM: Internet
353,YAUT,"Atmosphere and Ocean Research Institute, Univ. of Tokyo",JPN,,C14,https://www.aori.u-tokyo.ac.jp/english/,HM: Internet